account_id,lines,lines_filled,fill_rate_pct,below_floor
ACC-001,808,756,93.56,1
ACC-002,1014,945,93.2,1
ACC-003,853,802,94.02,1
ACC-004,1050,1036,98.67,0
ACC-005,986,968,98.17,0
ACC-006,1035,1016,98.16,0
ACC-007,876,858,97.95,0
ACC-008,822,812,98.78,0
ACC-009,877,863,98.4,0
ACC-010,1082,1061,98.06,0
ACC-011,842,825,97.98,0
ACC-012,789,773,97.97,0
ACC-013,958,934,97.49,0
ACC-014,983,968,98.47,0
ACC-015,1024,999,97.56,0
ACC-016,759,746,98.29,0
ACC-017,987,973,98.58,0
ACC-018,829,813,98.07,0
ACC-019,842,832,98.81,0
ACC-020,942,926,98.3,0
ACC-021,867,857,98.85,0
ACC-022,1029,1016,98.74,0
