task_id,files,aggregate_sha256,in_final_ten,shipped_in_zip,matches_zip,has_instruction,has_task_toml,has_dockerfile,has_tests,has_solution,has_provenance,emits_criteria,multistage_build,criteria_observed
01-revenue-reconciliation,43,4a742731cb2f23d68182a16503c8da7c53702872252d34a7e4571162bf5ab24a,False,False,n/a,True,True,True,True,True,False,False,False,
02-renewal-risk-regression-v1.1,55,959a2dce4644f63c2ee010412df6204514de96158e3c9c1f4d968ee80791a934,False,True,IDENTICAL,True,True,True,True,True,True,UNKNOWN-never-trialled,True,
02-renewal-risk-regression,55,b31eb4fe580477cf08a453a38ffaa8b545da19e5f7e9fc4096910f25f665cf88,True,True,IDENTICAL,True,True,True,True,True,True,False,False,
02-renewal-risk-regression__explicit-invariant,54,600c487c7525bbe106d6735764c648799ac0b00b8530fc44f753bfeedcbd8491,False,True,IDENTICAL,True,True,True,True,True,False,False,False,
03-lead-score-evaluation,33,8e57afe5d732edaabda69e428a2d448b1ba6db81d40b6ff6003fd393cf1dc2df,False,False,n/a,True,True,True,True,True,False,False,False,
04-retention-metrics-regression,36,42936d7b433ae804a763e6f77b7b441dbf25d826ecd5baf0a0f6d4192b4b9685,False,False,n/a,True,True,True,True,True,False,False,False,
05-onboarding-experiment-readout,34,6f5130ccf0d6ac4f346b98f651940e9e069362f6dc9b9007e2f923a832c25370,False,False,n/a,True,True,True,True,True,False,False,False,
06-usage-statement-close,43,226bbb85dae1948d645721a3e0ad44d4407aa7d85ae9bfcea426223746b4802a,False,False,n/a,True,True,True,True,True,False,False,True,
g05-sco-rollout-gate,39,7525ddb2ff902b42ad20a51c92f0fb392abd484a218ae6cf5d2c9bbb1c23bcc3,True,True,IDENTICAL,True,True,True,True,True,True,False,True,
g08-forecast-accuracy-vintages,39,a7f073a3402b1bc18ec3ba8278c0b1d79fbd0bfe7a936743f6d4f8da4da15e12,True,True,IDENTICAL,True,True,True,True,True,True,False,True,
g10-censored-demand,40,7c72dd098ce3bfcd3f1283adadf926837ef5969399d44f6b3fa33a6161802194,True,True,IDENTICAL,True,True,True,True,True,True,False,True,
g24-recommender-ope,43,505e59ccf71f93da82752cc73ba0546998ef41b72c0a8f9277e31ca820c5cce5,True,True,IDENTICAL,True,True,True,True,True,True,False,True,
g34-fleet-reliability-gate,37,92abc89eb933214e340d6a02f832d8396c627aa00e32107cb151e9e3086ae4e3,False,False,n/a,True,True,True,True,True,False,False,True,
g35-dispatch-priority-gate,35,8128163e6ccb3a323293fb3d10518da45f2bf1f536b44313989bc17e37e8e665,False,False,n/a,True,True,True,True,True,False,False,True,
g36-tou-capacity-gate-v1.1,36,6af91435c5da167274236fad7fea236a7830f4c2de40c04fe2890d1a0d8289da,False,False,n/a,True,True,True,True,True,False,UNKNOWN-never-trialled,True,
g36-tou-capacity-gate,37,6cb3dd64e37a12864354194f836e2e9dbdf70a072af415abe4c15d9e68554512,True,True,IDENTICAL,True,True,True,True,True,True,False,True,
g41-service-parts-rebalancing,36,e603282196c909db8990a49a857f70d216956336a9166c71ffc0580f56a61938,False,False,n/a,True,True,True,True,True,False,False,True,
g42-contractor-safety-rate,38,6c8fb5c7009382342e0f711045a85d1fe93c51b0a782b9e559cb74911a404f7c,False,False,n/a,True,True,True,True,True,False,False,True,
g44-screening-precision,38,85b36eb91cab0f5bfd074904f590051690d085bd000198f2c6211d710492df35,False,False,n/a,True,True,True,True,True,False,False,True,
g50-courier-boost-rollout,43,656a5a166d37962f2bf867818876bf1b544c81895c886ae25d4ac7da687390e9,True,True,IDENTICAL,True,True,True,True,True,True,True,True,courier_supply_response;decision;evidence_reconstruction;quantitative_result;scientific_object;uncertainty
p20-noshow-monitoring-v1.1,42,a4648f0778849b8ab93f2565a46bb9b910da486a2da3984ac8bf7e65cc5611b0,False,True,IDENTICAL,True,True,True,True,True,False,True,True,decision;estimator_implementation;evidence_reconstruction;identification;independent_validation;quantitative_results;scientific_object
p20-noshow-monitoring,43,62943714d631e6a9466b309a183f038ecd3628eed0fd0eed15225101552833eb,True,True,IDENTICAL,True,True,True,True,True,True,True,True,decision;estimator_implementation;evidence_reconstruction;identification;independent_validation;quantitative_results;scientific_object
p22-gauge-recalibration,41,8da6ed0e70dff9aaa459e1dbab019d37e998f534f6bdc128901233e97cef6a03,True,True,IDENTICAL,True,True,True,True,True,True,True,True,decision;estimator_implementation;evidence_reconstruction;identification;independent_validation;quantitative_results;scientific_object
p31-fill-rate-dispute,40,67fb8e658f8a468c8021263e4546f22213ce46c8b1fd8fda47185ea7eaa764e3,True,True,IDENTICAL,True,True,True,True,True,True,True,True,decision;estimator_implementation;evidence_reconstruction;identification;independent_validation;quantitative_results;scientific_object
